Number of Vulnerabilities,System Uptime (days),Number of Security Incidents,Patch Update Frequency,Number of Open Ports,Risk Level
51,952,26,Weekly,31260,High Risk
92,272,37,Weekly,33540,High Risk
14,230,6,Daily,21910,Low Risk
71,85,4,Weekly,30796,High Risk
60,473,42,Daily,49069,High Risk
20,125,44,Daily,8771,High Risk
82,811,50,Daily,11094,High Risk
86,536,30,Rarely,46572,High Risk
74,144,22,Daily,194,High Risk
74,524,41,Rarely,34776,High Risk
87,211,9,Daily,17570,High Risk
99,24,31,Daily,51547,High Risk
23,579,42,Daily,11191,High Risk
2,393,29,Weekly,62825,High Risk
21,66,38,Rarely,42753,High Risk
52,232,30,Rarely,32328,High Risk
1,108,17,Daily,42071,High Risk
87,145,35,Daily,20390,High Risk
29,110,1,Weekly,40198,Low Risk
37,227,13,Weekly,2262,High Risk
1,110,12,Weekly,52889,High Risk
63,469,28,Rarely,28370,High Risk
59,33,11,Rarely,26513,High Risk
20,622,38,Rarely,6717,High Risk
32,775,1,Daily,21260,Low Risk
75,935,31,Rarely,28934,High Risk
57,368,12,Monthly,41690,High Risk
21,747,45,Monthly,4379,High Risk
88,594,26,Weekly,40584,High Risk
48,553,48,Rarely,46547,High Risk
90,424,40,Monthly,19836,High Risk
58,612,16,Weekly,29034,High Risk
41,517,39,Rarely,24001,High Risk
91,691,30,Daily,45497,High Risk
59,281,33,Monthly,10333,High Risk
79,319,23,Daily,42605,High Risk
14,737,44,Rarely,2801,High Risk
61,442,34,Monthly,29539,High Risk
61,951,47,Rarely,30120,High Risk
46,314,5,Daily,8334,Low Risk
61,876,18,Monthly,5411,High Risk
50,965,29,Daily,17840,High Risk
54,740,6,Rarely,56045,High Risk
63,376,9,Rarely,63316,High Risk
2,288,40,Daily,30520,High Risk
100,436,31,Monthly,5809,High Risk
50,661,33,Daily,6797,High Risk
6,276,27,Rarely,21181,High Risk
20,709,14,Daily,54246,High Risk
72,581,29,Rarely,43057,High Risk
38,502,36,Daily,17710,High Risk
17,623,28,Monthly,54129,High Risk
3,515,21,Monthly,58558,High Risk
88,349,3,Daily,17544,High Risk
59,842,19,Daily,37419,High Risk
13,445,31,Monthly,29076,High Risk
8,829,35,Rarely,37756,High Risk
89,349,49,Monthly,47969,High Risk
52,606,3,Rarely,37466,High Risk
1,663,26,Daily,30503,High Risk
83,822,16,Daily,16725,High Risk
91,136,11,Rarely,3829,High Risk
59,758,21,Daily,51121,High Risk
70,898,16,Rarely,17088,High Risk
43,242,9,Weekly,12606,Low Risk
7,542,0,Monthly,31338,Low Risk
46,39,21,Weekly,5483,High Risk
34,228,25,Rarely,65334,High Risk
77,547,17,Monthly,27006,High Risk
80,919,49,Rarely,22761,High Risk
35,222,13,Monthly,50953,High Risk
49,5,46,Monthly,5464,High Risk
3,321,28,Monthly,46629,High Risk
1,467,11,Monthly,4913,High Risk
5,731,35,Rarely,4649,High Risk
53,74,34,Monthly,65041,High Risk
3,3,11,Monthly,33624,High Risk
53,846,6,Weekly,59157,High Risk
92,645,28,Daily,35635,High Risk
62,117,10,Daily,44603,High Risk
17,880,32,Weekly,49063,High Risk
89,605,5,Weekly,49335,High Risk
43,503,46,Rarely,3113,High Risk
33,997,14,Rarely,22055,High Risk
73,946,31,Rarely,4493,High Risk
61,573,50,Weekly,22208,High Risk
99,440,10,Weekly,15115,High Risk
13,193,22,Monthly,34286,High Risk
94,846,25,Rarely,16019,High Risk
47,714,33,Rarely,21387,High Risk
14,391,45,Rarely,17741,High Risk
71,25,33,Daily,59519,High Risk
77,434,28,Monthly,52782,High Risk
86,172,3,Rarely,52781,High Risk
61,299,16,Rarely,61441,High Risk
39,644,34,Rarely,44200,High Risk
84,325,12,Daily,61036,High Risk
79,409,40,Daily,8211,High Risk
81,117,38,Weekly,44364,High Risk
52,835,14,Monthly,45640,High Risk
23,786,28,Weekly,12744,High Risk
25,723,28,Monthly,60349,High Risk
88,224,10,Daily,55285,High Risk
59,531,31,Rarely,42093,High Risk
40,112,1,Weekly,44300,Low Risk
28,139,46,Rarely,6589,High Risk
14,558,13,Weekly,3312,High Risk
44,0,19,Daily,22433,High Risk
64,89,21,Daily,60717,High Risk
88,653,10,Daily,64090,High Risk
70,319,26,Weekly,55399,High Risk
8,549,2,Monthly,33756,Low Risk
87,804,16,Weekly,3322,High Risk
0,893,43,Monthly,15813,High Risk
7,138,27,Weekly,37384,High Risk
87,510,28,Weekly,48281,High Risk
62,867,20,Daily,13147,High Risk
10,844,46,Rarely,57518,High Risk
80,258,15,Rarely,13655,High Risk
7,672,36,Monthly,52894,High Risk
34,901,19,Rarely,35821,High Risk
34,689,5,Weekly,55727,Low Risk
32,9,18,Weekly,727,High Risk
4,260,4,Daily,3761,Low Risk
40,918,2,Daily,22191,Low Risk
27,649,0,Rarely,1876,High Risk
6,171,37,Monthly,23378,High Risk
72,897,14,Rarely,46738,High Risk
71,12,33,Rarely,4034,High Risk
11,167,34,Rarely,38212,High Risk
33,641,48,Rarely,17374,High Risk
32,595,24,Weekly,3745,High Risk
47,320,23,Monthly,60031,High Risk
22,318,11,Weekly,24996,High Risk
61,612,17,Monthly,16978,High Risk
87,328,14,Daily,63973,High Risk
36,784,43,Rarely,32403,High Risk
98,776,15,Weekly,34543,High Risk
43,970,26,Monthly,10652,High Risk
85,910,7,Daily,33704,High Risk
90,919,45,Daily,13396,High Risk
34,549,24,Rarely,29809,High Risk
64,418,16,Monthly,36577,High Risk
98,605,28,Weekly,16716,High Risk
100,94,7,Rarely,44410,High Risk
46,816,14,Weekly,24307,High Risk
77,580,26,Daily,19087,High Risk
2,317,45,Weekly,14377,High Risk
0,955,49,Weekly,61351,High Risk
4,235,6,Rarely,5890,High Risk
89,945,2,Weekly,37823,High Risk
13,333,28,Rarely,36637,High Risk
26,884,43,Daily,20585,High Risk
8,375,23,Rarely,49354,High Risk
78,458,2,Rarely,51650,High Risk
14,136,19,Monthly,34611,High Risk
89,929,45,Weekly,10059,High Risk
41,587,14,Daily,59341,High Risk
76,994,24,Rarely,62730,High Risk
50,546,29,Daily,9102,High Risk
62,512,13,Monthly,12498,High Risk
95,295,6,Weekly,4659,High Risk
51,319,16,Rarely,11382,High Risk
95,917,43,Weekly,64201,High Risk
3,571,19,Monthly,40313,High Risk
93,831,35,Monthly,40487,High Risk
100,348,8,Daily,46620,High Risk
22,839,37,Rarely,17155,High Risk
14,778,47,Daily,19540,High Risk
42,872,21,Monthly,59846,High Risk
28,228,1,Weekly,60059,Low Risk
35,269,23,Daily,62069,High Risk
12,827,7,Daily,11778,Low Risk
31,797,10,Weekly,34397,Low Risk
70,290,12,Daily,30374,High Risk
58,724,16,Weekly,33155,High Risk
85,164,7,Rarely,6032,High Risk
27,4,20,Weekly,27998,High Risk
65,850,17,Rarely,6440,High Risk
41,378,29,Weekly,22786,High Risk
44,77,17,Monthly,13393,High Risk
61,409,45,Monthly,53161,High Risk
56,573,46,Rarely,28670,High Risk
5,131,30,Rarely,28940,High Risk
27,600,37,Monthly,51619,High Risk
27,748,31,Rarely,2283,High Risk
43,41,10,Weekly,34625,Low Risk
83,88,44,Weekly,48439,High Risk
29,401,24,Monthly,24365,High Risk
61,295,32,Daily,1999,High Risk
74,839,37,Weekly,31706,High Risk
91,294,40,Rarely,38245,High Risk
88,615,7,Daily,9429,High Risk
61,525,10,Daily,37438,High Risk
96,799,21,Weekly,12337,High Risk
0,690,50,Weekly,9343,High Risk
26,636,23,Daily,53471,High Risk
61,421,40,Daily,39833,High Risk
76,864,16,Monthly,7447,High Risk
2,22,11,Rarely,50584,High Risk
69,574,45,Monthly,38393,High Risk
71,142,31,Weekly,7462,High Risk
26,992,14,Monthly,34588,High Risk
8,664,15,Monthly,10517,High Risk
61,144,21,Monthly,13750,High Risk
36,224,27,Monthly,17515,High Risk
96,502,19,Rarely,63122,High Risk
50,961,32,Rarely,55716,High Risk
43,973,9,Daily,35427,Low Risk
23,820,39,Weekly,36269,High Risk
78,615,31,Monthly,24951,High Risk
58,103,49,Daily,34889,High Risk
31,946,32,Daily,36789,High Risk
95,38,1,Daily,10214,High Risk
87,946,32,Rarely,61050,High Risk
51,197,32,Monthly,62494,High Risk
61,645,40,Monthly,36028,High Risk
57,578,12,Weekly,28012,High Risk
51,390,29,Monthly,42850,High Risk
11,178,32,Monthly,34592,High Risk
38,967,12,Daily,17859,High Risk
1,553,25,Weekly,18627,High Risk
2,447,21,Monthly,13468,High Risk
100,499,38,Rarely,52396,High Risk
55,14,1,Monthly,39759,High Risk
80,622,37,Daily,54313,High Risk
58,668,38,Rarely,3135,High Risk
1,288,25,Daily,51223,High Risk
1,477,45,Monthly,16744,High Risk
91,230,49,Rarely,15435,High Risk
53,922,14,Weekly,64048,High Risk
86,419,33,Weekly,47776,High Risk
100,156,41,Rarely,10234,High Risk
95,549,43,Rarely,49147,High Risk
96,440,48,Daily,65337,High Risk
0,96,39,Rarely,1142,High Risk
18,996,10,Daily,18020,Low Risk
1,410,2,Monthly,62844,Low Risk
52,950,5,Daily,20385,High Risk
43,288,8,Rarely,42904,High Risk
89,253,5,Rarely,45735,High Risk
31,195,8,Monthly,36130,Low Risk
69,597,38,Rarely,22968,High Risk
31,833,30,Rarely,40604,High Risk
67,521,31,Weekly,11173,High Risk
54,516,40,Weekly,16391,High Risk
74,634,49,Monthly,3268,High Risk
55,841,11,Daily,39333,High Risk
16,864,7,Weekly,26168,Low Risk
37,117,7,Daily,21313,Low Risk
23,805,49,Rarely,27841,High Risk
68,908,27,Weekly,18991,High Risk
97,158,19,Monthly,44180,High Risk
69,814,46,Monthly,5907,High Risk
85,227,6,Monthly,48797,High Risk
10,876,10,Weekly,52426,Low Risk
15,215,19,Daily,40380,High Risk
96,947,15,Rarely,17298,High Risk
72,695,3,Daily,2012,High Risk
58,14,5,Daily,50595,High Risk
69,156,21,Rarely,54699,High Risk
79,647,25,Rarely,44015,High Risk
92,260,2,Weekly,46559,High Risk
2,156,40,Weekly,11739,High Risk
19,46,41,Weekly,28798,High Risk
58,323,13,Weekly,47499,High Risk
35,843,10,Weekly,62257,Low Risk
18,684,17,Rarely,11121,High Risk
89,129,11,Daily,50982,High Risk
66,410,22,Weekly,8768,High Risk
18,94,11,Weekly,22853,High Risk
19,626,12,Daily,13704,High Risk
95,754,24,Weekly,930,High Risk
70,931,44,Daily,11952,High Risk
51,291,50,Daily,52852,High Risk
32,793,18,Rarely,26040,High Risk
39,810,45,Monthly,60620,High Risk
38,282,35,Rarely,48614,High Risk
81,68,44,Monthly,29505,High Risk
0,659,7,Monthly,17439,Low Risk
10,10,28,Monthly,48516,High Risk
91,253,31,Weekly,5745,High Risk
56,841,50,Rarely,18285,High Risk
88,871,43,Monthly,42418,High Risk
49,549,17,Daily,39749,High Risk
22,133,5,Weekly,7070,Low Risk
30,711,17,Rarely,42360,High Risk
93,22,18,Monthly,19800,High Risk
41,814,21,Daily,33211,High Risk
98,345,36,Rarely,28227,High Risk
6,301,31,Rarely,55371,High Risk
15,362,40,Weekly,4653,High Risk
89,395,2,Rarely,24324,High Risk
59,217,27,Weekly,56986,High Risk
1,140,9,Monthly,42139,Low Risk
0,615,50,Weekly,7598,High Risk
47,957,34,Daily,47094,High Risk
11,209,28,Weekly,37227,High Risk
68,984,14,Daily,6592,High Risk
36,992,32,Weekly,49115,High Risk
31,622,6,Rarely,25834,High Risk
8,615,11,Monthly,11827,High Risk
98,827,48,Daily,26418,High Risk
18,682,29,Weekly,18694,High Risk
47,459,20,Weekly,14139,High Risk
79,355,30,Weekly,55421,High Risk
2,323,23,Rarely,50063,High Risk
19,132,19,Rarely,53493,High Risk
23,887,36,Daily,61982,High Risk
53,804,3,Daily,53162,High Risk
32,839,27,Rarely,55781,High Risk
23,126,43,Daily,2170,High Risk
74,105,19,Monthly,18557,High Risk
71,603,23,Monthly,22053,High Risk
35,798,49,Rarely,6314,High Risk
37,377,48,Daily,8316,High Risk
83,904,50,Weekly,8037,High Risk
98,50,31,Monthly,31779,High Risk
88,28,40,Rarely,27735,High Risk
98,461,35,Daily,23174,High Risk
24,295,33,Rarely,30404,High Risk
92,296,35,Weekly,786,High Risk
17,725,1,Monthly,6140,Low Risk
81,778,14,Rarely,6345,High Risk
65,406,33,Rarely,18801,High Risk
53,768,35,Rarely,25373,High Risk
34,813,5,Weekly,61517,Low Risk
79,612,38,Rarely,20539,High Risk
60,404,41,Weekly,63919,High Risk
40,345,50,Weekly,14974,High Risk
99,621,50,Weekly,5620,High Risk
32,419,11,Monthly,34705,High Risk
67,181,2,Monthly,59501,High Risk
32,982,44,Rarely,36576,High Risk
13,824,17,Rarely,39920,High Risk
20,0,39,Monthly,42262,High Risk
47,830,20,Daily,45124,High Risk
19,949,14,Monthly,27717,High Risk
7,566,32,Weekly,3237,High Risk
6,370,34,Monthly,15849,High Risk
66,935,25,Weekly,2353,High Risk
16,910,7,Rarely,1933,High Risk
32,660,35,Daily,10914,High Risk
47,430,47,Rarely,8557,High Risk
75,968,29,Weekly,65366,High Risk
58,308,22,Weekly,21301,High Risk
85,136,41,Weekly,5499,High Risk
21,201,43,Daily,10583,High Risk
29,435,13,Monthly,50099,High Risk
37,312,13,Rarely,64387,High Risk
50,116,1,Rarely,46634,High Risk
53,665,36,Monthly,9570,High Risk
7,936,4,Rarely,50592,High Risk
26,802,37,Daily,60525,High Risk
26,574,44,Rarely,56883,High Risk
97,243,40,Weekly,4858,High Risk
20,536,46,Monthly,65009,High Risk
29,601,13,Daily,341,High Risk
96,74,38,Monthly,43950,High Risk
27,805,24,Daily,16767,High Risk
63,385,19,Weekly,62444,High Risk
96,902,1,Monthly,26133,High Risk
68,209,38,Rarely,8492,High Risk
60,474,5,Daily,139,High Risk
47,417,16,Monthly,359,High Risk
18,346,24,Rarely,54084,High Risk
3,528,27,Monthly,9715,High Risk
34,639,1,Monthly,19841,Low Risk
63,938,34,Monthly,34396,High Risk
48,954,36,Daily,30655,High Risk
16,875,4,Rarely,25880,High Risk
43,762,0,Weekly,15997,Low Risk
91,178,39,Daily,55779,High Risk
29,181,11,Daily,37773,High Risk
92,663,35,Daily,58479,High Risk
45,24,44,Weekly,64354,High Risk
5,966,22,Rarely,26763,High Risk
98,179,46,Rarely,13284,High Risk
36,709,30,Rarely,63923,High Risk
23,500,10,Monthly,39421,Low Risk
92,855,9,Monthly,55569,High Risk
45,160,2,Monthly,19555,Low Risk
52,176,13,Weekly,20220,High Risk
94,284,15,Monthly,57170,High Risk
98,62,9,Weekly,34920,High Risk
59,661,28,Rarely,9430,High Risk
96,665,9,Monthly,46841,High Risk
62,155,11,Monthly,44696,High Risk
84,881,29,Daily,39674,High Risk
31,468,40,Weekly,19219,High Risk
86,48,0,Rarely,12453,High Risk
32,966,4,Daily,58343,Low Risk
66,848,19,Daily,48981,High Risk
17,83,7,Rarely,18952,High Risk
24,360,42,Daily,1308,High Risk
94,688,11,Weekly,14853,High Risk
53,147,0,Weekly,25233,High Risk
57,629,19,Monthly,35429,High Risk
66,341,27,Daily,43172,High Risk
45,475,42,Monthly,26486,High Risk
23,62,36,Daily,52883,High Risk
31,700,46,Weekly,10239,High Risk
46,359,36,Weekly,38976,High Risk
85,560,11,Weekly,52315,High Risk
22,326,36,Daily,1141,High Risk
65,768,48,Weekly,63330,High Risk
26,735,48,Daily,24843,High Risk
1,140,43,Monthly,26422,High Risk
89,989,27,Daily,1709,High Risk
16,214,46,Monthly,3631,High Risk
32,434,14,Daily,19596,High Risk
8,890,5,Monthly,10486,Low Risk
42,951,43,Weekly,28309,High Risk
47,722,19,Monthly,44790,High Risk
38,317,49,Weekly,55691,High Risk
92,31,13,Weekly,26087,High Risk
41,669,1,Monthly,16860,Low Risk
25,284,8,Daily,7685,Low Risk
98,304,36,Daily,25553,High Risk
49,428,19,Rarely,1208,High Risk
24,476,25,Daily,46100,High Risk
23,285,28,Rarely,1961,High Risk
12,143,0,Daily,558,Low Risk
59,423,34,Daily,29690,High Risk
6,18,5,Weekly,48652,Low Risk
56,17,36,Rarely,13894,High Risk
35,768,4,Daily,32273,Low Risk
44,589,32,Rarely,883,High Risk
19,370,48,Weekly,59539,High Risk
64,174,50,Weekly,37530,High Risk
7,193,13,Rarely,64816,High Risk
15,501,11,Weekly,60012,High Risk
13,987,41,Monthly,38636,High Risk
75,112,19,Monthly,56116,High Risk
86,113,49,Weekly,29536,High Risk
14,221,23,Monthly,12870,High Risk
91,677,42,Daily,7167,High Risk
97,946,33,Rarely,12983,High Risk
65,830,24,Daily,40698,High Risk
31,643,49,Rarely,38116,High Risk
86,896,28,Weekly,7270,High Risk
62,263,38,Daily,58955,High Risk
85,924,30,Weekly,28065,High Risk
50,54,46,Weekly,57278,High Risk
24,870,42,Rarely,13528,High Risk
57,642,49,Rarely,2455,High Risk
62,799,22,Rarely,20879,High Risk
61,777,43,Daily,51099,High Risk
21,457,37,Monthly,62155,High Risk
57,978,19,Rarely,12992,High Risk
57,877,22,Rarely,2809,High Risk
85,161,44,Daily,39411,High Risk
48,379,15,Rarely,36594,High Risk
51,992,49,Daily,36305,High Risk
41,86,41,Weekly,30387,High Risk
69,54,7,Rarely,55221,High Risk
14,475,49,Rarely,48078,High Risk
53,799,20,Weekly,3803,High Risk
59,177,0,Weekly,28754,High Risk
100,390,7,Weekly,21084,High Risk
96,348,28,Rarely,18355,High Risk
7,7,31,Monthly,22191,High Risk
52,832,37,Monthly,6143,High Risk
59,312,4,Monthly,28399,High Risk
4,758,46,Rarely,51972,High Risk
67,834,21,Weekly,41863,High Risk
5,983,46,Rarely,33133,High Risk
95,982,33,Weekly,53411,High Risk
93,442,0,Rarely,19504,High Risk
46,766,25,Rarely,59903,High Risk
98,327,42,Weekly,48457,High Risk
54,53,9,Monthly,34632,High Risk
39,760,29,Weekly,16500,High Risk
51,238,49,Daily,39853,High Risk
15,228,17,Daily,8017,High Risk
12,578,16,Weekly,2385,High Risk
29,50,25,Rarely,62321,High Risk
18,608,7,Daily,15073,Low Risk
16,603,46,Daily,36704,High Risk
62,263,39,Rarely,45896,High Risk
18,417,48,Rarely,14483,High Risk
91,802,11,Monthly,40511,High Risk
57,95,26,Rarely,48934,High Risk
54,87,7,Weekly,21827,High Risk
89,77,24,Weekly,2491,High Risk
100,287,45,Monthly,56133,High Risk
89,119,3,Daily,46093,High Risk
61,813,32,Daily,25519,High Risk
22,490,0,Rarely,24046,High Risk
8,911,18,Weekly,50877,High Risk
11,451,30,Daily,26911,High Risk
0,499,15,Monthly,24567,High Risk
57,164,13,Monthly,51920,High Risk
0,181,47,Weekly,33906,High Risk
33,468,4,Monthly,27104,Low Risk
95,909,40,Monthly,53270,High Risk
47,734,25,Weekly,36189,High Risk
88,822,27,Rarely,5846,High Risk
0,943,1,Rarely,21163,High Risk
15,977,49,Monthly,36675,High Risk
60,6,5,Rarely,52790,High Risk
63,329,8,Rarely,19338,High Risk
62,774,32,Monthly,22314,High Risk
68,672,40,Rarely,26944,High Risk
21,150,24,Monthly,12414,High Risk
92,84,47,Daily,277,High Risk
66,146,12,Weekly,51152,High Risk
75,623,8,Weekly,17612,High Risk
25,380,12,Rarely,39106,High Risk
15,914,30,Rarely,11945,High Risk
50,547,40,Rarely,52888,High Risk
100,284,10,Weekly,15907,High Risk
85,699,3,Daily,49848,High Risk
56,81,33,Daily,58654,High Risk
28,513,37,Weekly,20537,High Risk
77,896,45,Daily,57054,High Risk
91,814,3,Weekly,56623,High Risk
68,708,37,Daily,27811,High Risk
46,915,18,Monthly,12307,High Risk
93,522,5,Monthly,56690,High Risk
61,745,33,Weekly,10504,High Risk
68,385,17,Daily,19226,High Risk
75,706,12,Rarely,36977,High Risk
15,470,40,Daily,60904,High Risk
89,118,22,Monthly,11591,High Risk
89,395,18,Monthly,57886,High Risk
47,531,44,Daily,10887,High Risk
84,260,10,Daily,12867,High Risk
38,804,0,Rarely,1089,High Risk
99,933,23,Rarely,3364,High Risk
32,255,6,Daily,32793,Low Risk
93,733,24,Daily,9765,High Risk
100,904,20,Daily,55297,High Risk
22,225,14,Daily,60303,High Risk
9,52,0,Weekly,54821,Low Risk
68,939,11,Daily,20621,High Risk
99,866,6,Rarely,42728,High Risk
33,499,14,Monthly,12936,High Risk
51,505,20,Weekly,8069,High Risk
94,853,18,Daily,51388,High Risk
9,363,28,Monthly,7296,High Risk
18,279,24,Weekly,41161,High Risk
57,592,32,Monthly,11391,High Risk
95,713,48,Daily,41217,High Risk
0,157,31,Daily,20132,High Risk
68,631,48,Rarely,29219,High Risk
3,58,34,Daily,10434,High Risk
15,726,43,Daily,15039,High Risk
23,127,37,Weekly,52328,High Risk
79,735,25,Rarely,28183,High Risk
1,720,10,Weekly,11529,Low Risk
91,881,34,Monthly,21282,High Risk
31,114,7,Daily,54190,Low Risk
90,208,45,Monthly,65486,High Risk
83,525,13,Weekly,48512,High Risk
23,520,9,Daily,56580,Low Risk
11,551,1,Daily,8606,Low Risk
49,961,45,Weekly,34783,High Risk
34,236,8,Weekly,1382,Low Risk
32,280,2,Weekly,1099,Low Risk
32,358,20,Weekly,19811,High Risk
60,200,25,Weekly,52808,High Risk
50,757,7,Daily,24323,Low Risk
42,277,47,Weekly,41870,High Risk
100,234,1,Daily,32956,High Risk
11,493,5,Daily,61389,Low Risk
66,3,27,Weekly,44717,High Risk
64,665,28,Weekly,10208,High Risk
32,441,25,Rarely,21794,High Risk
39,28,24,Daily,2093,High Risk
73,108,11,Weekly,28221,High Risk
42,609,4,Weekly,18515,Low Risk
43,726,33,Weekly,38011,High Risk
28,804,47,Rarely,8550,High Risk
12,74,36,Rarely,22032,High Risk
11,837,14,Monthly,5186,High Risk
94,145,43,Daily,15272,High Risk
45,127,35,Monthly,5777,High Risk
1,852,14,Weekly,59767,High Risk
34,41,42,Rarely,12450,High Risk
86,355,47,Rarely,24298,High Risk
80,40,22,Monthly,56700,High Risk
89,933,5,Rarely,40592,High Risk
7,33,45,Weekly,15718,High Risk
92,16,49,Rarely,40124,High Risk
25,676,43,Monthly,39234,High Risk
73,152,42,Weekly,45506,High Risk
89,997,44,Monthly,50650,High Risk
33,377,20,Rarely,46093,High Risk
6,587,22,Monthly,63672,High Risk
67,598,42,Monthly,10351,High Risk
57,628,15,Daily,30623,High Risk
74,873,46,Rarely,35324,High Risk
28,341,14,Rarely,54562,High Risk
35,980,24,Monthly,59687,High Risk
88,26,35,Daily,64963,High Risk
20,824,10,Rarely,2952,High Risk
35,286,50,Weekly,17623,High Risk
9,645,14,Monthly,58318,High Risk
100,730,3,Rarely,4728,High Risk
72,167,20,Weekly,53118,High Risk
23,609,12,Rarely,38455,High Risk
63,267,21,Weekly,58395,High Risk
98,748,18,Monthly,36470,High Risk
48,820,33,Rarely,35549,High Risk
98,454,13,Rarely,23783,High Risk
35,905,3,Daily,50741,Low Risk
81,684,47,Monthly,28455,High Risk
95,400,45,Weekly,2369,High Risk
23,921,26,Rarely,64401,High Risk
22,980,28,Rarely,15593,High Risk
61,475,46,Weekly,22174,High Risk
95,701,27,Monthly,33205,High Risk
36,633,34,Daily,35597,High Risk
11,557,7,Daily,34325,Low Risk
54,575,15,Rarely,56723,High Risk
12,129,41,Weekly,46133,High Risk
22,821,35,Rarely,61203,High Risk
88,362,29,Weekly,23865,High Risk
98,704,17,Daily,58649,High Risk
29,818,1,Monthly,47830,Low Risk
16,692,48,Weekly,30751,High Risk
61,291,12,Daily,10577,High Risk
83,370,3,Rarely,16567,High Risk
88,793,25,Weekly,7191,High Risk
85,28,24,Monthly,23072,High Risk
12,148,29,Rarely,38334,High Risk
58,778,10,Rarely,56394,High Risk
18,295,6,Daily,15370,Low Risk
48,10,30,Weekly,24036,High Risk
99,511,43,Rarely,54728,High Risk
11,675,9,Monthly,1590,Low Risk
60,112,38,Weekly,58932,High Risk
18,186,12,Monthly,25236,High Risk
75,806,30,Rarely,160,High Risk
8,743,6,Monthly,12146,Low Risk
70,226,48,Daily,15374,High Risk
27,309,41,Monthly,31922,High Risk
77,97,41,Weekly,39324,High Risk
94,54,35,Monthly,16238,High Risk
51,622,19,Monthly,41972,High Risk
82,663,3,Daily,8245,High Risk
15,757,6,Monthly,14744,Low Risk
68,405,0,Monthly,31567,High Risk
98,68,43,Rarely,46102,High Risk
11,311,44,Rarely,46110,High Risk
24,288,41,Weekly,55999,High Risk
51,761,46,Rarely,18692,High Risk
84,547,12,Rarely,33997,High Risk
99,750,21,Rarely,56379,High Risk
52,147,20,Rarely,5591,High Risk
22,466,21,Daily,56072,High Risk
15,738,27,Rarely,5586,High Risk
56,243,8,Daily,9228,High Risk
38,490,25,Daily,28279,High Risk
52,848,8,Rarely,38815,High Risk
41,957,14,Monthly,12238,High Risk
57,506,9,Daily,15650,High Risk
38,364,23,Monthly,37714,High Risk
13,481,41,Monthly,7928,High Risk
94,200,7,Rarely,45410,High Risk
4,153,23,Weekly,48767,High Risk
34,449,15,Rarely,46155,High Risk
86,500,48,Weekly,7017,High Risk
92,72,25,Weekly,14028,High Risk
74,712,26,Rarely,48689,High Risk
17,295,36,Rarely,24143,High Risk
75,16,3,Weekly,46521,High Risk
8,640,49,Rarely,54239,High Risk
73,216,23,Weekly,58609,High Risk
57,60,18,Monthly,23546,High Risk
16,938,35,Rarely,51037,High Risk
6,615,38,Monthly,31898,High Risk
45,41,9,Daily,50962,Low Risk
12,24,24,Monthly,3168,High Risk
39,38,17,Monthly,44758,High Risk
41,802,18,Weekly,26918,High Risk
8,130,35,Monthly,22737,High Risk
49,497,9,Rarely,27991,High Risk
26,228,32,Weekly,62552,High Risk
65,107,49,Daily,58162,High Risk
4,171,4,Rarely,14088,High Risk
28,434,46,Daily,22441,High Risk
36,477,48,Monthly,35206,High Risk
37,101,34,Rarely,55621,High Risk
82,865,43,Rarely,15276,High Risk
7,523,33,Daily,58233,High Risk
64,274,32,Rarely,55104,High Risk
85,612,20,Rarely,5277,High Risk
16,43,16,Rarely,41628,High Risk
70,954,21,Monthly,40587,High Risk
88,816,47,Daily,37497,High Risk
44,956,36,Rarely,19009,High Risk
3,16,14,Weekly,5739,High Risk
35,329,34,Weekly,32403,High Risk
69,568,27,Weekly,53385,High Risk
30,822,6,Weekly,63387,Low Risk
18,496,31,Monthly,5794,High Risk
60,814,10,Rarely,37292,High Risk
53,11,9,Daily,5572,High Risk
38,317,8,Rarely,31332,High Risk
90,591,13,Monthly,16210,High Risk
73,215,12,Weekly,48015,High Risk
89,338,24,Monthly,25395,High Risk
18,775,1,Rarely,43149,High Risk
38,990,34,Daily,25683,High Risk
66,660,6,Monthly,2225,High Risk
44,80,20,Daily,41158,High Risk
12,726,17,Monthly,60016,High Risk
91,484,2,Daily,48696,High Risk
57,373,41,Daily,55244,High Risk
19,975,38,Weekly,64179,High Risk
91,709,40,Daily,44453,High Risk
71,199,48,Weekly,43409,High Risk
60,536,10,Rarely,32442,High Risk
38,465,38,Rarely,41431,High Risk
0,88,23,Weekly,39130,High Risk
2,267,45,Weekly,34717,High Risk
76,654,18,Monthly,62369,High Risk
91,570,3,Monthly,44860,High Risk
61,921,25,Monthly,26587,High Risk
62,488,37,Rarely,44761,High Risk
24,876,41,Monthly,64120,High Risk
55,537,31,Daily,23479,High Risk
32,46,38,Daily,62346,High Risk
37,287,44,Monthly,6319,High Risk
5,777,45,Daily,28695,High Risk
57,15,35,Rarely,20181,High Risk
43,710,39,Daily,12181,High Risk
44,400,36,Rarely,33003,High Risk
31,918,32,Weekly,15373,High Risk
44,793,35,Weekly,29797,High Risk
60,980,2,Weekly,58273,High Risk
46,85,8,Weekly,52760,Low Risk
20,249,7,Daily,24428,Low Risk
79,390,32,Monthly,33291,High Risk
84,781,5,Daily,55057,High Risk
74,334,40,Rarely,28100,High Risk
100,628,38,Daily,45487,High Risk
35,518,3,Daily,54041,Low Risk
98,136,12,Rarely,9822,High Risk
18,882,48,Weekly,5833,High Risk
19,687,1,Weekly,12821,Low Risk
56,839,4,Weekly,16212,High Risk
17,497,43,Monthly,39891,High Risk
46,826,26,Rarely,5843,High Risk
48,726,31,Rarely,63116,High Risk
13,476,20,Daily,1317,High Risk
14,593,7,Monthly,60202,Low Risk
30,222,37,Weekly,45969,High Risk
0,989,7,Monthly,17509,Low Risk
53,371,49,Rarely,22006,High Risk
2,934,2,Rarely,54576,High Risk
15,994,43,Daily,15207,High Risk
86,401,2,Daily,18972,High Risk
56,442,21,Rarely,25600,High Risk
74,489,5,Weekly,22057,High Risk
11,614,1,Weekly,1379,Low Risk
73,272,22,Monthly,52527,High Risk
95,525,43,Rarely,1520,High Risk
15,158,1,Rarely,22162,High Risk
71,151,37,Weekly,40704,High Risk
75,994,16,Weekly,38862,High Risk
23,619,34,Rarely,57571,High Risk
27,187,33,Daily,5356,High Risk
7,812,22,Rarely,54121,High Risk
91,97,29,Rarely,9084,High Risk
35,130,7,Weekly,38343,Low Risk
89,804,21,Weekly,20457,High Risk
7,170,43,Daily,13325,High Risk
57,935,35,Daily,2258,High Risk
59,985,4,Monthly,27365,High Risk
49,182,12,Rarely,24973,High Risk
27,982,28,Weekly,46180,High Risk
91,363,30,Daily,26655,High Risk
100,38,46,Monthly,15234,High Risk
40,526,15,Monthly,15888,High Risk
99,887,41,Weekly,29321,High Risk
63,496,29,Weekly,20809,High Risk
26,515,15,Monthly,52390,High Risk
62,348,11,Daily,30155,High Risk
16,981,16,Monthly,53046,High Risk
72,920,15,Rarely,62392,High Risk
32,396,11,Rarely,34774,High Risk
83,721,7,Weekly,51169,High Risk
76,160,19,Daily,27748,High Risk
91,15,2,Daily,10861,High Risk
28,492,15,Rarely,42839,High Risk
12,425,29,Monthly,42157,High Risk
45,107,44,Weekly,18157,High Risk
34,893,22,Monthly,57506,High Risk
5,449,27,Monthly,20361,High Risk
81,310,50,Monthly,18136,High Risk
68,738,39,Daily,25352,High Risk
46,169,4,Rarely,56583,High Risk
24,545,19,Daily,30500,High Risk
65,413,39,Rarely,47378,High Risk
9,250,43,Weekly,23555,High Risk
55,758,0,Weekly,62492,High Risk
29,780,29,Monthly,55622,High Risk
4,140,20,Rarely,49132,High Risk
32,273,19,Rarely,58284,High Risk
64,415,5,Rarely,19605,High Risk
17,607,21,Monthly,16924,High Risk
95,738,17,Monthly,47592,High Risk
48,890,7,Weekly,62262,Low Risk
10,38,38,Daily,50614,High Risk
84,813,31,Rarely,54337,High Risk
25,28,32,Rarely,8548,High Risk
62,957,15,Daily,60949,High Risk
88,476,11,Rarely,44284,High Risk
85,317,37,Monthly,33003,High Risk
58,244,33,Monthly,14563,High Risk
26,747,13,Rarely,50701,High Risk
48,696,35,Monthly,7481,High Risk
76,271,32,Monthly,26673,High Risk
32,439,22,Rarely,4214,High Risk
97,747,49,Weekly,10294,High Risk
98,238,44,Daily,34442,High Risk
0,376,1,Monthly,55861,Low Risk
20,265,40,Weekly,62508,High Risk
54,925,20,Monthly,57135,High Risk
5,920,1,Monthly,2101,Low Risk
91,358,26,Daily,44618,High Risk
80,339,8,Monthly,61998,High Risk
68,388,0,Daily,28173,High Risk
94,576,10,Daily,20133,High Risk
4,989,2,Daily,52326,Low Risk
2,688,22,Weekly,18200,High Risk
52,2,25,Rarely,36610,High Risk
22,428,3,Weekly,42966,Low Risk
100,141,17,Rarely,8017,High Risk
52,375,5,Rarely,39780,High Risk
36,669,34,Daily,37262,High Risk
73,323,21,Monthly,31882,High Risk
73,145,42,Daily,17059,High Risk
82,957,14,Monthly,24473,High Risk
16,292,21,Rarely,41347,High Risk
84,664,36,Daily,34927,High Risk
77,431,41,Monthly,51814,High Risk
72,704,11,Weekly,34833,High Risk
0,948,46,Monthly,61196,High Risk
50,974,48,Daily,36022,High Risk
44,584,41,Weekly,54132,High Risk
76,398,37,Monthly,24088,High Risk
3,816,17,Monthly,12829,High Risk
61,888,44,Monthly,61611,High Risk
64,343,34,Monthly,31129,High Risk
31,963,29,Monthly,58084,High Risk
33,139,23,Weekly,1402,High Risk
91,186,41,Rarely,19644,High Risk
94,804,29,Weekly,15194,High Risk
71,60,13,Weekly,26854,High Risk
38,996,5,Weekly,44865,Low Risk
25,938,2,Rarely,20308,High Risk
33,379,15,Daily,36983,High Risk
53,709,6,Rarely,19612,High Risk
2,806,13,Weekly,43792,High Risk
49,439,8,Monthly,11951,Low Risk
11,318,14,Monthly,10705,High Risk
64,301,20,Weekly,43112,High Risk
53,343,34,Monthly,11868,High Risk
4,10,1,Weekly,2746,Low Risk
93,61,26,Monthly,55244,High Risk
93,844,1,Rarely,3867,High Risk
56,225,34,Daily,32246,High Risk
16,152,17,Daily,44725,High Risk
46,710,13,Rarely,63146,High Risk
22,563,19,Rarely,5819,High Risk
78,771,17,Weekly,51375,High Risk
100,570,9,Weekly,48862,High Risk
84,583,24,Weekly,51945,High Risk
13,659,1,Monthly,59042,Low Risk
65,860,24,Weekly,30117,High Risk
74,574,32,Rarely,15494,High Risk
50,309,35,Daily,28039,High Risk
37,884,30,Monthly,20448,High Risk
63,242,13,Weekly,30432,High Risk
97,492,0,Monthly,17909,High Risk
37,365,45,Monthly,29337,High Risk
49,329,15,Weekly,40993,High Risk
97,106,45,Monthly,55351,High Risk
81,225,2,Daily,4026,High Risk
29,824,34,Rarely,51719,High Risk
78,217,40,Rarely,51956,High Risk
90,936,5,Daily,61241,High Risk
50,752,24,Monthly,20094,High Risk
62,505,12,Weekly,6156,High Risk
97,258,33,Monthly,46608,High Risk
51,887,7,Daily,33488,High Risk
37,773,20,Monthly,47659,High Risk
96,516,33,Rarely,55669,High Risk
87,772,3,Monthly,20964,High Risk
78,53,24,Daily,50125,High Risk
29,46,14,Rarely,52871,High Risk
50,726,3,Monthly,56548,Low Risk
80,688,44,Monthly,64111,High Risk
4,520,11,Rarely,53555,High Risk
28,98,31,Weekly,20937,High Risk
3,19,31,Rarely,51360,High Risk
9,889,27,Weekly,4427,High Risk
55,752,12,Daily,23304,High Risk
16,572,30,Daily,45281,High Risk
73,890,13,Rarely,27607,High Risk
16,489,19,Rarely,47833,High Risk
83,418,17,Daily,28152,High Risk
87,689,28,Weekly,13768,High Risk
68,849,5,Daily,11309,High Risk
33,61,31,Rarely,44246,High Risk
5,144,28,Daily,62523,High Risk
52,215,42,Rarely,57988,High Risk
65,2,1,Rarely,45672,High Risk
76,159,22,Daily,24771,High Risk
42,738,18,Weekly,28573,High Risk
74,997,30,Monthly,41449,High Risk
22,780,50,Daily,2205,High Risk
54,119,4,Monthly,27234,High Risk
79,892,18,Daily,21730,High Risk
94,88,33,Monthly,31132,High Risk
74,328,9,Weekly,52429,High Risk
15,579,24,Weekly,33871,High Risk
7,909,1,Daily,38012,Low Risk
3,356,10,Rarely,39383,High Risk
3,609,49,Monthly,49068,High Risk
55,266,30,Rarely,58586,High Risk
24,616,14,Rarely,41476,High Risk
66,951,8,Rarely,46682,High Risk
95,322,22,Weekly,21608,High Risk
66,634,18,Daily,24969,High Risk
26,987,8,Daily,33399,Low Risk
92,540,34,Weekly,11909,High Risk
31,648,20,Weekly,26424,High Risk
49,194,8,Daily,43616,Low Risk
60,920,27,Rarely,9172,High Risk
50,737,45,Monthly,12722,High Risk
18,331,50,Monthly,60747,High Risk
20,169,6,Monthly,64655,Low Risk
4,520,15,Rarely,61216,High Risk
81,462,15,Daily,55836,High Risk
91,39,32,Weekly,49430,High Risk
41,536,3,Daily,16617,Low Risk
60,260,3,Rarely,42513,High Risk
21,394,38,Weekly,38459,High Risk
20,954,39,Rarely,46170,High Risk
69,225,16,Monthly,7660,High Risk
0,983,36,Monthly,60615,High Risk
4,123,38,Rarely,43370,High Risk
11,974,28,Weekly,11705,High Risk
89,37,35,Weekly,32794,High Risk
45,327,37,Daily,48153,High Risk
33,250,38,Monthly,46474,High Risk
48,900,49,Daily,31227,High Risk
77,175,36,Daily,23853,High Risk
89,601,34,Rarely,32083,High Risk
44,913,6,Rarely,22795,High Risk
26,453,26,Daily,41421,High Risk
72,36,27,Monthly,52917,High Risk
25,315,21,Rarely,55752,High Risk
46,687,13,Daily,60776,High Risk
85,972,6,Daily,13380,High Risk
55,795,36,Daily,54255,High Risk
93,964,21,Daily,7007,High Risk
62,972,4,Daily,52636,High Risk
47,592,1,Daily,51147,Low Risk
60,113,26,Rarely,8683,High Risk
80,39,20,Monthly,65345,High Risk
25,300,37,Daily,33841,High Risk
35,223,14,Weekly,32431,High Risk
0,317,20,Rarely,23092,High Risk
7,348,9,Rarely,60518,High Risk
98,114,22,Daily,32984,High Risk
51,697,38,Rarely,23990,High Risk
78,322,4,Daily,9916,High Risk
46,567,0,Monthly,42553,Low Risk
55,39,12,Monthly,18991,High Risk
85,865,20,Rarely,24735,High Risk
13,39,25,Rarely,14825,High Risk
89,858,49,Weekly,53934,High Risk
27,972,44,Rarely,36082,High Risk
86,748,20,Weekly,11034,High Risk
77,288,17,Monthly,42737,High Risk
87,261,36,Monthly,16242,High Risk
1,215,44,Daily,59397,High Risk
25,146,31,Monthly,56916,High Risk
13,335,35,Weekly,5940,High Risk
58,167,16,Rarely,47465,High Risk
55,91,34,Daily,47563,High Risk
6,352,48,Weekly,35064,High Risk
2,570,10,Rarely,54838,High Risk
22,570,20,Daily,34465,High Risk
17,815,25,Monthly,11186,High Risk
37,680,3,Weekly,27046,Low Risk
98,780,33,Rarely,51099,High Risk
14,362,47,Daily,44770,High Risk
63,556,17,Daily,47119,High Risk
88,344,39,Monthly,19168,High Risk
100,692,34,Rarely,36413,High Risk
27,169,40,Monthly,21626,High Risk
73,355,28,Monthly,39189,High Risk
38,190,28,Rarely,63022,High Risk
